Dataset,Model Folder,Model,Loss,Accuracy,Male Accuracy,Female Accuracy
East_Asian_Validation,bias_training_data\bias_Gender_Balanced_Unlabeled_FlexMatch,bias_training_data\bias_Gender_Balanced_Unlabeled_FlexMatch\FlexMatch_1_best.pth,0.8273930776503778,42.064517974853516,10.167310167310168,74.1267787839586
East_Asian_Validation,bias_training_data\bias_Gender_Balanced_Unlabeled_FlexMatch,bias_training_data\bias_Gender_Balanced_Unlabeled_FlexMatch\FlexMatch_2_best.pth,0.5764562565280545,72.45161437988281,87.9021879021879,56.92108667529108
East_Asian_Validation,bias_training_data\bias_Gender_Balanced_Unlabeled_FlexMatch,bias_training_data\bias_Gender_Balanced_Unlabeled_FlexMatch\FlexMatch_3_best.pth,0.7236677945044733,43.67742156982422,29.343629343629345,58.08538163001293
East_Asian_Validation,bias_training_data\bias_Gender_Balanced_Unlabeled_FlexMatch,bias_training_data\bias_Gender_Balanced_Unlabeled_FlexMatch\FlexMatch_4_best.pth,0.7780653318282097,51.935489654541016,98.71299871299871,4.915912031047866
East_Asian_Validation,bias_training_data\bias_Gender_Balanced_Unlabeled_FlexMatch,bias_training_data\bias_Gender_Balanced_Unlabeled_FlexMatch\FlexMatch_5_best.pth,0.7379993410264292,50.709678649902344,99.48519948519949,1.6817593790426906
East_Asian_Validation,bias_training_data\bias_Gender_Balanced_Unlabeled_FlexMatch,bias_training_data\bias_Gender_Balanced_Unlabeled_FlexMatch\FlexMatch_1_unbalanced_best.pth,0.6825495036186711,55.67742156982422,69.4980694980695,41.785252263906855
East_Asian_Validation,bias_training_data\bias_Gender_Balanced_Unlabeled_FlexMatch,bias_training_data\bias_Gender_Balanced_Unlabeled_FlexMatch\FlexMatch_2_unbalanced_best.pth,0.6639531818512947,50.90322494506836,99.35649935649936,2.1992238033635187
East_Asian_Validation,bias_training_data\bias_Gender_Balanced_Unlabeled_FlexMatch,bias_training_data\bias_Gender_Balanced_Unlabeled_FlexMatch\FlexMatch_3_unbalanced_best.pth,1.0025080210162747,49.09677505493164,0.2574002574002574,98.1888745148771
East_Asian_Validation,bias_training_data\bias_Unlabeled_FlexMatch,bias_training_data\bias_Unlabeled_FlexMatch\FlexMatch_1_best.pth,0.7816538058557818,50.06451416015625,0.6435006435006435,99.74126778783958
East_Asian_Validation,bias_training_data\bias_Unlabeled_FlexMatch,bias_training_data\bias_Unlabeled_FlexMatch\FlexMatch_2_best.pth,0.7403387040476646,42.774192810058594,63.96396396396396,21.47477360931436
East_Asian_Validation,bias_training_data\bias_Unlabeled_FlexMatch,bias_training_data\bias_Unlabeled_FlexMatch\FlexMatch_3_best.pth,0.8988288243355289,21.354839324951172,21.62162162162162,21.08667529107374
East_Asian_Validation,bias_training_data\bias_Unlabeled_FlexMatch,bias_training_data\bias_Unlabeled_FlexMatch\FlexMatch_4_best.pth,0.7713177650974643,49.48387145996094,3.7323037323037322,95.47218628719276
East_Asian_Validation,bias_training_data\bias_Unlabeled_FlexMatch,bias_training_data\bias_Unlabeled_FlexMatch\FlexMatch_5_best.pth,0.6766961993709687,47.93548583984375,36.80823680823681,59.120310478654595
East_Asian_Validation,bias_training_data\bias_Unlabeled_FlexMatch,bias_training_data\bias_Unlabeled_FlexMatch\FlexMatch_1_unbalanced_best.pth,0.6502027443916567,60.77419662475586,36.03603603603604,85.64036222509702
East_Asian_Validation,bias_training_data\bias_Unlabeled_FlexMatch,bias_training_data\bias_Unlabeled_FlexMatch\FlexMatch_2_unbalanced_best.pth,0.6046194521073373,67.80644989013672,67.6962676962677,67.91720569210867
East_Asian_Validation,bias_training_data\bias_Unlabeled_FlexMatch,bias_training_data\bias_Unlabeled_FlexMatch\FlexMatch_3_unbalanced_best.pth,0.6287180747524385,59.8709716796875,96.3963963963964,23.15653298835705
East_Asian_Validation,bias_training_data\bias_Severe_Black_Bias_FlexMatch,bias_training_data\bias_Severe_Black_Bias_FlexMatch\FlexMatch_1_best.pth,0.7618285150681773,42.83871078491211,64.0926640926641,21.47477360931436
East_Asian_Validation,bias_training_data\bias_Severe_Black_Bias_FlexMatch,bias_training_data\bias_Severe_Black_Bias_FlexMatch\FlexMatch_2_best.pth,1.0175613916304804,32.58064651489258,11.711711711711711,53.557567917205695
East_Asian_Validation,bias_training_data\bias_Severe_Black_Bias_FlexMatch,bias_training_data\bias_Severe_Black_Bias_FlexMatch\FlexMatch_3_best.pth,0.6002479439397012,70.12903594970703,64.35006435006436,75.9379042690815
East_Asian_Validation,bias_training_data\bias_Severe_Black_Bias_FlexMatch,bias_training_data\bias_Severe_Black_Bias_FlexMatch\FlexMatch_4_best.pth,1.3466831211889945,50.129032135009766,100.0,0.0
East_Asian_Validation,bias_training_data\bias_Severe_Black_Bias_FlexMatch,bias_training_data\bias_Severe_Black_Bias_FlexMatch\FlexMatch_5_best.pth,0.872184952920483,49.8709716796875,0.0,100.0
East_Asian_Validation,bias_training_data\bias_Severe_Black_Bias_FlexMatch,bias_training_data\bias_Severe_Black_Bias_FlexMatch\FlexMatch_1_unbalanced_best.pth,0.8045336865609692,40.129032135009766,57.14285714285714,23.02716688227684
East_Asian_Validation,bias_training_data\bias_Severe_Black_Bias_FlexMatch,bias_training_data\bias_Severe_Black_Bias_FlexMatch\FlexMatch_2_unbalanced_best.pth,0.9049859263050941,31.67742156982422,43.886743886743886,19.404915912031047
East_Asian_Validation,bias_training_data\bias_Severe_Black_Bias_FlexMatch,bias_training_data\bias_Severe_Black_Bias_FlexMatch\FlexMatch_3_unbalanced_best.pth,0.6165053011909608,63.741939544677734,79.66537966537966,47.73609314359638
East_Asian_Validation,bias_training_data\bias_Severe_Male_Gender_FlexMatch,bias_training_data\bias_Severe_Male_Gender_FlexMatch\FlexMatch_1_best.pth,0.8313015023354561,38.709678649902344,10.167310167310168,67.39974126778783
East_Asian_Validation,bias_training_data\bias_Severe_Male_Gender_FlexMatch,bias_training_data\bias_Severe_Male_Gender_FlexMatch\FlexMatch_2_best.pth,0.6314184168846376,59.096778869628906,29.343629343629345,89.0038809831824
East_Asian_Validation,bias_training_data\bias_Severe_Male_Gender_FlexMatch,bias_training_data\bias_Severe_Male_Gender_FlexMatch\FlexMatch_3_best.pth,0.8125747692200446,39.48387145996094,32.04633204633205,46.95989650711513
East_Asian_Validation,bias_training_data\bias_Severe_Male_Gender_FlexMatch,bias_training_data\bias_Severe_Male_Gender_FlexMatch\FlexMatch_4_best.pth,0.7688365276398197,50.774192810058594,2.7027027027027026,99.09443725743856
East_Asian_Validation,bias_training_data\bias_Severe_Male_Gender_FlexMatch,bias_training_data\bias_Severe_Male_Gender_FlexMatch\FlexMatch_5_best.pth,0.7017186238688807,54.19355010986328,87.001287001287,21.216041397153944
East_Asian_Validation,bias_training_data\bias_Severe_Male_Gender_FlexMatch,bias_training_data\bias_Severe_Male_Gender_FlexMatch\FlexMatch_1_unbalanced_best.pth,0.9085645212665681,34.967742919921875,14.800514800514799,55.23932729624838
East_Asian_Validation,bias_training_data\bias_Severe_Male_Gender_FlexMatch,bias_training_data\bias_Severe_Male_Gender_FlexMatch\FlexMatch_2_unbalanced_best.pth,0.6768811978832368,54.32258224487305,12.226512226512225,96.63648124191462
East_Asian_Validation,bias_training_data\bias_Severe_Male_Gender_FlexMatch,bias_training_data\bias_Severe_Male_Gender_FlexMatch\FlexMatch_3_unbalanced_best.pth,0.6490773337887179,51.61290740966797,98.84169884169884,4.139715394566624
East_Asian_Validation,bias_training_data\bias_Severe_East_Asian_Female_Bias_FlexMatch,bias_training_data\bias_Severe_East_Asian_Female_Bias_FlexMatch\FlexMatch_1_best.pth,0.7878477607234832,44.709678649902344,81.46718146718148,7.761966364812419
East_Asian_Validation,bias_training_data\bias_Severe_East_Asian_Female_Bias_FlexMatch,bias_training_data\bias_Severe_East_Asian_Female_Bias_FlexMatch\FlexMatch_2_best.pth,0.8305349807585439,46.129032135009766,4.633204633204633,87.83958602846054
East_Asian_Validation,bias_training_data\bias_Severe_East_Asian_Female_Bias_FlexMatch,bias_training_data\bias_Severe_East_Asian_Female_Bias_FlexMatch\FlexMatch_3_best.pth,0.7813495937470467,47.48387145996094,80.3088803088803,14.489003880983182
East_Asian_Validation,bias_training_data\bias_Severe_East_Asian_Female_Bias_FlexMatch,bias_training_data\bias_Severe_East_Asian_Female_Bias_FlexMatch\FlexMatch_4_best.pth,0.8287204084088725,42.58064651489258,65.12226512226512,19.922380336351875
East_Asian_Validation,bias_training_data\bias_Severe_East_Asian_Female_Bias_FlexMatch,bias_training_data\bias_Severe_East_Asian_Female_Bias_FlexMatch\FlexMatch_5_best.pth,0.8135896153603831,43.93548583984375,6.94980694980695,81.11254851228978
East_Asian_Validation,bias_training_data\bias_Severe_East_Asian_Female_Bias_FlexMatch,bias_training_data\bias_Severe_East_Asian_Female_Bias_FlexMatch\FlexMatch_1_unbalanced_best.pth,0.8155034901249794,38.45161437988281,24.195624195624195,52.78137128072446
East_Asian_Validation,bias_training_data\bias_Severe_East_Asian_Female_Bias_FlexMatch,bias_training_data\bias_Severe_East_Asian_Female_Bias_FlexMatch\FlexMatch_2_unbalanced_best.pth,0.6532930607949534,56.64516067504883,24.967824967824967,88.48641655886158
East_Asian_Validation,bias_training_data\bias_Severe_East_Asian_Female_Bias_FlexMatch,bias_training_data\bias_Severe_East_Asian_Female_Bias_FlexMatch\FlexMatch_3_unbalanced_best.pth,0.6612104599706589,57.8709716796875,90.34749034749035,25.22639068564036
East_Asian_Validation,bias_training_data\bias_Severe_East_Asian_Bias_FlexMatch,bias_training_data\bias_Severe_East_Asian_Bias_FlexMatch\FlexMatch_1_best.pth,0.6627578896860923,57.4838752746582,88.67438867438867,26.13195342820181
East_Asian_Validation,bias_training_data\bias_Severe_East_Asian_Bias_FlexMatch,bias_training_data\bias_Severe_East_Asian_Bias_FlexMatch\FlexMatch_2_best.pth,0.7523522539292612,48.774192810058594,5.405405405405405,92.36739974126779
East_Asian_Validation,bias_training_data\bias_Severe_East_Asian_Bias_FlexMatch,bias_training_data\bias_Severe_East_Asian_Bias_FlexMatch\FlexMatch_3_best.pth,0.8788854095243639,42.709678649902344,3.861003861003861,81.75937904269081
East_Asian_Validation,bias_training_data\bias_Severe_East_Asian_Bias_FlexMatch,bias_training_data\bias_Severe_East_Asian_Bias_FlexMatch\FlexMatch_4_best.pth,0.7353355340034731,51.41936111450195,6.177606177606178,96.89521345407503
East_Asian_Validation,bias_training_data\bias_Severe_East_Asian_Bias_FlexMatch,bias_training_data\bias_Severe_East_Asian_Bias_FlexMatch\FlexMatch_5_best.pth,0.7225124151475968,50.838706970214844,91.63449163449164,9.831824062095732
East_Asian_Validation,bias_training_data\bias_Severe_Female_Gender_FlexMatch,bias_training_data\bias_Severe_Female_Gender_FlexMatch\FlexMatch_1_best.pth,0.8827317397056087,31.7419376373291,37.58043758043758,25.873221216041397
East_Asian_Validation,bias_training_data\bias_Severe_Female_Gender_FlexMatch,bias_training_data\bias_Severe_Female_Gender_FlexMatch\FlexMatch_2_best.pth,0.61686524914157,65.67742156982422,85.07078507078506,46.183699870633895
East_Asian_Validation,bias_training_data\bias_Severe_Female_Gender_FlexMatch,bias_training_data\bias_Severe_Female_Gender_FlexMatch\FlexMatch_3_best.pth,0.7910126931436601,29.48387336730957,33.59073359073359,25.35575679172057
East_Asian_Validation,bias_training_data\bias_Severe_Female_Gender_FlexMatch,bias_training_data\bias_Severe_Female_Gender_FlexMatch\FlexMatch_4_best.pth,0.9856583940598272,34.25806427001953,3.2175032175032174,65.45924967658473
East_Asian_Validation,bias_training_data\bias_Severe_Female_Gender_FlexMatch,bias_training_data\bias_Severe_Female_Gender_FlexMatch\FlexMatch_5_best.pth,0.7040400694647143,57.35484313964844,97.55469755469755,16.946959896507117
Balanced_Validation,bias_training_data\bias_Gender_Balanced_Unlabeled_FlexMatch,bias_training_data\bias_Gender_Balanced_Unlabeled_FlexMatch\FlexMatch_1_best.pth,0.7147478780875487,52.47548294067383,30.167844522968196,78.1448538754765
Balanced_Validation,bias_training_data\bias_Gender_Balanced_Unlabeled_FlexMatch,bias_training_data\bias_Gender_Balanced_Unlabeled_FlexMatch\FlexMatch_2_best.pth,0.5404676233540328,70.25877380371094,94.56713780918727,42.287166454891995
Balanced_Validation,bias_training_data\bias_Gender_Balanced_Unlabeled_FlexMatch,bias_training_data\bias_Gender_Balanced_Unlabeled_FlexMatch\FlexMatch_3_best.pth,0.8263991435030793,34.62129211425781,9.121024734982331,63.96442185514613
Balanced_Validation,bias_training_data\bias_Gender_Balanced_Unlabeled_FlexMatch,bias_training_data\bias_Gender_Balanced_Unlabeled_FlexMatch\FlexMatch_4_best.pth,0.6050115249532483,67.93099212646484,56.735865724381625,80.81321473951716
Balanced_Validation,bias_training_data\bias_Gender_Balanced_Unlabeled_FlexMatch,bias_training_data\bias_Gender_Balanced_Unlabeled_FlexMatch\FlexMatch_5_best.pth,0.9606863199136196,52.86541748046875,97.37190812720848,1.6518424396442184
Balanced_Validation,bias_training_data\bias_Gender_Balanced_Unlabeled_FlexMatch,bias_training_data\bias_Gender_Balanced_Unlabeled_FlexMatch\FlexMatch_1_unbalanced_best.pth,0.6366203355899055,63.29906463623047,85.84363957597174,37.35705209656925
Balanced_Validation,bias_training_data\bias_Gender_Balanced_Unlabeled_FlexMatch,bias_training_data\bias_Gender_Balanced_Unlabeled_FlexMatch\FlexMatch_2_unbalanced_best.pth,1.1043495894971502,25.86553192138672,10.048586572438163,44.066073697585765
Balanced_Validation,bias_training_data\bias_Gender_Balanced_Unlabeled_FlexMatch,bias_training_data\bias_Gender_Balanced_Unlabeled_FlexMatch\FlexMatch_3_unbalanced_best.pth,0.6423440419175334,54.21245193481445,97.74734982332156,4.116899618805591
Balanced_Validation,bias_training_data\bias_Unlabeled_FlexMatch,bias_training_data\bias_Unlabeled_FlexMatch\FlexMatch_1_best.pth,0.7639466981917116,46.827362060546875,4.969081272084805,94.99364675984752
Balanced_Validation,bias_training_data\bias_Unlabeled_FlexMatch,bias_training_data\bias_Unlabeled_FlexMatch\FlexMatch_2_best.pth,0.598822471387812,72.55110168457031,64.77473498233216,81.49936467598475
Balanced_Validation,bias_training_data\bias_Unlabeled_FlexMatch,bias_training_data\bias_Unlabeled_FlexMatch\FlexMatch_3_best.pth,0.7641199970800348,44.83043670654297,25.04416961130742,67.5984752223634
Balanced_Validation,bias_training_data\bias_Unlabeled_FlexMatch,bias_training_data\bias_Unlabeled_FlexMatch\FlexMatch_4_best.pth,1.0810887890899912,33.58147048950195,3.113957597173145,68.64040660736977
Balanced_Validation,bias_training_data\bias_Unlabeled_FlexMatch,bias_training_data\bias_Unlabeled_FlexMatch\FlexMatch_5_best.pth,0.844942960223027,49.74595260620117,87.9196113074205,5.819567979669631
Balanced_Validation,bias_training_data\bias_Unlabeled_FlexMatch,bias_training_data\bias_Unlabeled_FlexMatch\FlexMatch_1_unbalanced_best.pth,0.8212260471074333,45.20855712890625,7.6855123674911665,88.38627700127066
Balanced_Validation,bias_training_data\bias_Unlabeled_FlexMatch,bias_training_data\bias_Unlabeled_FlexMatch\FlexMatch_2_unbalanced_best.pth,0.4983980896363624,79.3217544555664,78.64399293286219,80.10165184243965
Balanced_Validation,bias_training_data\bias_Unlabeled_FlexMatch,bias_training_data\bias_Unlabeled_FlexMatch\FlexMatch_3_unbalanced_best.pth,1.152158705623074,26.314544677734375,7.928445229681978,47.47141041931385
Balanced_Validation,bias_training_data\bias_Severe_Black_Bias_FlexMatch,bias_training_data\bias_Severe_Black_Bias_FlexMatch\FlexMatch_1_best.pth,0.678069556067912,55.32317352294922,99.27120141342756,4.752223634053367
Balanced_Validation,bias_training_data\bias_Severe_Black_Bias_FlexMatch,bias_training_data\bias_Severe_Black_Bias_FlexMatch\FlexMatch_2_best.pth,0.7532035850836258,44.67682647705078,59.60689045936396,27.49682337992376
Balanced_Validation,bias_training_data\bias_Severe_Black_Bias_FlexMatch,bias_training_data\bias_Severe_Black_Bias_FlexMatch\FlexMatch_3_best.pth,1.0564827496146503,53.503482818603516,100.0,0.0
Balanced_Validation,bias_training_data\bias_Severe_Black_Bias_FlexMatch,bias_training_data\bias_Severe_Black_Bias_FlexMatch\FlexMatch_4_best.pth,0.667208002551177,57.79273986816406,54.77031802120141,61.27064803049556
Balanced_Validation,bias_training_data\bias_Severe_Black_Bias_FlexMatch,bias_training_data\bias_Severe_Black_Bias_FlexMatch\FlexMatch_5_best.pth,0.643041585785664,58.560794830322266,26.060070671378092,95.95933926302415
Balanced_Validation,bias_training_data\bias_Severe_Black_Bias_FlexMatch,bias_training_data\bias_Severe_Black_Bias_FlexMatch\FlexMatch_1_unbalanced_best.pth,0.7256982575335655,48.62342071533203,54.01943462897526,42.41423125794155
Balanced_Validation,bias_training_data\bias_Severe_Black_Bias_FlexMatch,bias_training_data\bias_Severe_Black_Bias_FlexMatch\FlexMatch_2_unbalanced_best.pth,0.6445683100383276,60.93583679199219,64.8851590106007,56.39135959339263
Balanced_Validation,bias_training_data\bias_Severe_Black_Bias_FlexMatch,bias_training_data\bias_Severe_Black_Bias_FlexMatch\FlexMatch_3_unbalanced_best.pth,0.744771972046836,54.55512237548828,22.747349823321557,91.15628970775094
Balanced_Validation,bias_training_data\bias_Severe_Male_Gender_FlexMatch,bias_training_data\bias_Severe_Male_Gender_FlexMatch\FlexMatch_1_best.pth,0.6356450914491453,62.247432708740234,83.70141342756183,37.56035578144854
Balanced_Validation,bias_training_data\bias_Severe_Male_Gender_FlexMatch,bias_training_data\bias_Severe_Male_Gender_FlexMatch\FlexMatch_2_best.pth,0.6813362857825815,55.70128631591797,92.75618374558304,13.062261753494282
Balanced_Validation,bias_training_data\bias_Severe_Male_Gender_FlexMatch,bias_training_data\bias_Severe_Male_Gender_FlexMatch\FlexMatch_3_best.pth,0.8896412763149902,45.95296859741211,2.2526501766784452,96.23888182973317
Balanced_Validation,bias_training_data\bias_Severe_Male_Gender_FlexMatch,bias_training_data\bias_Severe_Male_Gender_FlexMatch\FlexMatch_4_best.pth,0.8180438407019888,46.76828384399414,1.5238515901060072,98.8310038119441
Balanced_Validation,bias_training_data\bias_Severe_Male_Gender_FlexMatch,bias_training_data\bias_Severe_Male_Gender_FlexMatch\FlexMatch_5_best.pth,0.7506219770177859,45.137657165527344,34.89399293286219,56.92503176620076
Balanced_Validation,bias_training_data\bias_Severe_Male_Gender_FlexMatch,bias_training_data\bias_Severe_Male_Gender_FlexMatch\FlexMatch_1_unbalanced_best.pth,0.6049874942803881,66.64303588867188,78.35689045936395,53.163913595933934
Balanced_Validation,bias_training_data\bias_Severe_Male_Gender_FlexMatch,bias_training_data\bias_Severe_Male_Gender_FlexMatch\FlexMatch_2_unbalanced_best.pth,0.7872062099187013,43.90877914428711,25.92756183745583,64.5997458703939
Balanced_Validation,bias_training_data\bias_Severe_Male_Gender_FlexMatch,bias_training_data\bias_Severe_Male_Gender_FlexMatch\FlexMatch_3_unbalanced_best.pth,0.6169063377490241,61.33758544921875,89.62014134275618,28.792884371029224
Balanced_Validation,bias_training_data\bias_Severe_East_Asian_Female_Bias_FlexMatch,bias_training_data\bias_Severe_East_Asian_Female_Bias_FlexMatch\FlexMatch_1_best.pth,0.6098607028825168,65.46141815185547,69.85424028268551,60.40660736975858
Balanced_Validation,bias_training_data\bias_Severe_East_Asian_Female_Bias_FlexMatch,bias_training_data\bias_Severe_East_Asian_Female_Bias_FlexMatch\FlexMatch_2_best.pth,0.6759205205804221,57.59186553955078,79.17402826855124,32.757306226175345
Balanced_Validation,bias_training_data\bias_Severe_East_Asian_Female_Bias_FlexMatch,bias_training_data\bias_Severe_East_Asian_Female_Bias_FlexMatch\FlexMatch_3_best.pth,0.9485259460709865,37.4571647644043,5.631625441696113,74.07878017789072
Balanced_Validation,bias_training_data\bias_Severe_East_Asian_Female_Bias_FlexMatch,bias_training_data\bias_Severe_East_Asian_Female_Bias_FlexMatch\FlexMatch_4_best.pth,0.7980796331972232,45.1731071472168,74.16077738515902,11.81702668360864
Balanced_Validation,bias_training_data\bias_Severe_East_Asian_Female_Bias_FlexMatch,bias_training_data\bias_Severe_East_Asian_Female_Bias_FlexMatch\FlexMatch_5_best.pth,0.9582120306973873,30.42656135559082,26.325088339222614,35.14612452350699
Balanced_Validation,bias_training_data\bias_Severe_East_Asian_Female_Bias_FlexMatch,bias_training_data\bias_Severe_East_Asian_Female_Bias_FlexMatch\FlexMatch_1_unbalanced_best.pth,0.8874693309726915,34.47949981689453,24.514134275618375,45.946632782719185
Balanced_Validation,bias_training_data\bias_Severe_East_Asian_Female_Bias_FlexMatch,bias_training_data\bias_Severe_East_Asian_Female_Bias_FlexMatch\FlexMatch_2_unbalanced_best.pth,0.7467212495363789,54.89779281616211,97.2173144876325,6.200762388818298
Balanced_Validation,bias_training_data\bias_Severe_East_Asian_Female_Bias_FlexMatch,bias_training_data\bias_Severe_East_Asian_Female_Bias_FlexMatch\FlexMatch_3_unbalanced_best.pth,0.8091749997760449,53.60982894897461,99.86749116607774,0.3811944091486658
Balanced_Validation,bias_training_data\bias_Severe_East_Asian_Bias_FlexMatch,bias_training_data\bias_Severe_East_Asian_Bias_FlexMatch\FlexMatch_1_best.pth,0.5822246840669798,69.26622009277344,72.96819787985865,65.00635324015248
Balanced_Validation,bias_training_data\bias_Severe_East_Asian_Bias_FlexMatch,bias_training_data\bias_Severe_East_Asian_Bias_FlexMatch\FlexMatch_2_best.pth,0.9333881395626304,37.752567291259766,5.189929328621909,75.22236340533672
Balanced_Validation,bias_training_data\bias_Severe_East_Asian_Bias_FlexMatch,bias_training_data\bias_Severe_East_Asian_Bias_FlexMatch\FlexMatch_3_best.pth,0.8061733493128244,38.107051849365234,61.37367491166078,11.33418043202033
Balanced_Validation,bias_training_data\bias_Severe_East_Asian_Bias_FlexMatch,bias_training_data\bias_Severe_East_Asian_Bias_FlexMatch\FlexMatch_4_best.pth,0.8022954495229522,46.91007614135742,1.3471731448763251,99.33926302414231
Balanced_Validation,bias_training_data\bias_Severe_East_Asian_Bias_FlexMatch,bias_training_data\bias_Severe_East_Asian_Bias_FlexMatch\FlexMatch_5_best.pth,0.8000104590875382,47.441802978515625,6.1174911660777385,94.99364675984752
Balanced_Validation,bias_training_data\bias_Severe_Female_Gender_FlexMatch,bias_training_data\bias_Severe_Female_Gender_FlexMatch\FlexMatch_1_best.pth,0.6927263285481844,54.070655822753906,22.681095406360424,90.19059720457433
Balanced_Validation,bias_training_data\bias_Severe_Female_Gender_FlexMatch,bias_training_data\bias_Severe_Female_Gender_FlexMatch\FlexMatch_2_best.pth,0.9983433174788353,34.88124465942383,5.43286219081272,68.76747141041932
Balanced_Validation,bias_training_data\bias_Severe_Female_Gender_FlexMatch,bias_training_data\bias_Severe_Female_Gender_FlexMatch\FlexMatch_3_best.pth,0.6884081965006653,49.178775787353516,15.061837455830387,88.43710292249047
Balanced_Validation,bias_training_data\bias_Severe_Female_Gender_FlexMatch,bias_training_data\bias_Severe_Female_Gender_FlexMatch\FlexMatch_4_best.pth,0.9321114250098815,46.49651336669922,0.0,100.0
Balanced_Validation,bias_training_data\bias_Severe_Female_Gender_FlexMatch,bias_training_data\bias_Severe_Female_Gender_FlexMatch\FlexMatch_5_best.pth,0.7458867784314414,45.05494689941406,76.28091872791519,9.123252858958068
AAF_Validation,bias_training_data\bias_Gender_Balanced_Unlabeled_FlexMatch,bias_training_data\bias_Gender_Balanced_Unlabeled_FlexMatch\FlexMatch_1_best.pth,0.9276464550317561,43.42314147949219,1.664025356576862,85.18225039619651
AAF_Validation,bias_training_data\bias_Gender_Balanced_Unlabeled_FlexMatch,bias_training_data\bias_Gender_Balanced_Unlabeled_FlexMatch\FlexMatch_2_best.pth,0.7684518290586214,50.81220245361328,100.0,1.624405705229794
AAF_Validation,bias_training_data\bias_Gender_Balanced_Unlabeled_FlexMatch,bias_training_data\bias_Gender_Balanced_Unlabeled_FlexMatch\FlexMatch_3_best.pth,0.8845401141798439,27.139461517333984,10.974643423137877,43.30427892234548
AAF_Validation,bias_training_data\bias_Gender_Balanced_Unlabeled_FlexMatch,bias_training_data\bias_Gender_Balanced_Unlabeled_FlexMatch\FlexMatch_4_best.pth,0.6070650065946503,67.49208068847656,94.92868462757528,40.055467511885894
AAF_Validation,bias_training_data\bias_Gender_Balanced_Unlabeled_FlexMatch,bias_training_data\bias_Gender_Balanced_Unlabeled_FlexMatch\FlexMatch_5_best.pth,0.7612644135479693,43.383522033691406,8.597464342313788,78.16957210776545
AAF_Validation,bias_training_data\bias_Gender_Balanced_Unlabeled_FlexMatch,bias_training_data\bias_Gender_Balanced_Unlabeled_FlexMatch\FlexMatch_1_unbalanced_best.pth,0.7587989051066185,48.712364196777344,87.20285261489698,10.22187004754358
AAF_Validation,bias_training_data\bias_Gender_Balanced_Unlabeled_FlexMatch,bias_training_data\bias_Gender_Balanced_Unlabeled_FlexMatch\FlexMatch_2_unbalanced_best.pth,0.7377665456614668,45.44374084472656,59.389857369255154,31.497622820919176
AAF_Validation,bias_training_data\bias_Gender_Balanced_Unlabeled_FlexMatch,bias_training_data\bias_Gender_Balanced_Unlabeled_FlexMatch\FlexMatch_3_unbalanced_best.pth,0.9013400566181177,40.9469108581543,4.0808240887480185,77.81299524564183
AAF_Validation,bias_training_data\bias_Unlabeled_FlexMatch,bias_training_data\bias_Unlabeled_FlexMatch\FlexMatch_1_best.pth,0.6904473298136292,53.18938446044922,12.995245641838352,93.38351822503962
AAF_Validation,bias_training_data\bias_Unlabeled_FlexMatch,bias_training_data\bias_Unlabeled_FlexMatch\FlexMatch_2_best.pth,0.7107912832885839,50.15848159790039,6.576862123613313,93.74009508716324
AAF_Validation,bias_training_data\bias_Unlabeled_FlexMatch,bias_training_data\bias_Unlabeled_FlexMatch\FlexMatch_3_best.pth,0.9613087591014082,30.546751022338867,47.741679873217116,13.351822503961966
AAF_Validation,bias_training_data\bias_Unlabeled_FlexMatch,bias_training_data\bias_Unlabeled_FlexMatch\FlexMatch_4_best.pth,0.49501836351849576,83.35974884033203,89.61965134706814,77.09984152139461
AAF_Validation,bias_training_data\bias_Unlabeled_FlexMatch,bias_training_data\bias_Unlabeled_FlexMatch\FlexMatch_5_best.pth,0.7807504023689475,29.774168014526367,53.486529318542,6.061806656101426
AAF_Validation,bias_training_data\bias_Unlabeled_FlexMatch,bias_training_data\bias_Unlabeled_FlexMatch\FlexMatch_1_unbalanced_best.pth,0.7150077765037065,52.39698791503906,85.34072900158478,19.453248811410457
AAF_Validation,bias_training_data\bias_Unlabeled_FlexMatch,bias_training_data\bias_Unlabeled_FlexMatch\FlexMatch_2_unbalanced_best.pth,0.6806039045049724,52.912044525146484,79.63549920760697,26.188589540412043
AAF_Validation,bias_training_data\bias_Unlabeled_FlexMatch,bias_training_data\bias_Unlabeled_FlexMatch\FlexMatch_3_unbalanced_best.pth,0.5695196383539735,79.17987823486328,67.74960380348652,90.61014263074485
AAF_Validation,bias_training_data\bias_Severe_Black_Bias_FlexMatch,bias_training_data\bias_Severe_Black_Bias_FlexMatch\FlexMatch_1_best.pth,0.693187434964248,53.76386642456055,61.45007923930269,46.07765451664025
AAF_Validation,bias_training_data\bias_Severe_Black_Bias_FlexMatch,bias_training_data\bias_Severe_Black_Bias_FlexMatch\FlexMatch_2_best.pth,0.672902088252187,57.725833892822266,94.25515055467511,21.19651347068146
AAF_Validation,bias_training_data\bias_Severe_Black_Bias_FlexMatch,bias_training_data\bias_Severe_Black_Bias_FlexMatch\FlexMatch_3_best.pth,0.6533470877376865,61.866085052490234,81.10142630744849,42.63074484944532
AAF_Validation,bias_training_data\bias_Severe_Black_Bias_FlexMatch,bias_training_data\bias_Severe_Black_Bias_FlexMatch\FlexMatch_4_best.pth,0.6943838062641549,52.436607360839844,99.28684627575277,5.586370839936609
AAF_Validation,bias_training_data\bias_Severe_Black_Bias_FlexMatch,bias_training_data\bias_Severe_Black_Bias_FlexMatch\FlexMatch_5_best.pth,0.8193636697181242,48.791603088378906,1.862123613312203,95.72107765451663
AAF_Validation,bias_training_data\bias_Severe_Black_Bias_FlexMatch,bias_training_data\bias_Severe_Black_Bias_FlexMatch\FlexMatch_1_unbalanced_best.pth,0.7615394897392926,51.60459899902344,99.0095087163233,4.199683042789223
AAF_Validation,bias_training_data\bias_Severe_Black_Bias_FlexMatch,bias_training_data\bias_Severe_Black_Bias_FlexMatch\FlexMatch_2_unbalanced_best.pth,0.7156764897982784,53.40729522705078,29.00158478605388,77.81299524564183
AAF_Validation,bias_training_data\bias_Severe_Black_Bias_FlexMatch,bias_training_data\bias_Severe_Black_Bias_FlexMatch\FlexMatch_3_unbalanced_best.pth,0.9098106968421754,37.55943298339844,55.54675118858954,19.572107765451662
AAF_Validation,bias_training_data\bias_Severe_Male_Gender_FlexMatch,bias_training_data\bias_Severe_Male_Gender_FlexMatch\FlexMatch_1_best.pth,0.6410988551312128,62.916011810302734,52.6148969889065,73.21711568938193
AAF_Validation,bias_training_data\bias_Severe_Male_Gender_FlexMatch,bias_training_data\bias_Severe_Male_Gender_FlexMatch\FlexMatch_2_best.pth,0.8001430492771409,49.98019027709961,1.664025356576862,98.29635499207608
AAF_Validation,bias_training_data\bias_Severe_Male_Gender_FlexMatch,bias_training_data\bias_Severe_Male_Gender_FlexMatch\FlexMatch_3_best.pth,0.7490498821255522,44.07686233520508,76.66402535657686,11.489698890649763
AAF_Validation,bias_training_data\bias_Severe_Male_Gender_FlexMatch,bias_training_data\bias_Severe_Male_Gender_FlexMatch\FlexMatch_4_best.pth,0.8177865708686659,30.170366287231445,17.868462757527734,42.47226624405705
AAF_Validation,bias_training_data\bias_Severe_Male_Gender_FlexMatch,bias_training_data\bias_Severe_Male_Gender_FlexMatch\FlexMatch_5_best.pth,0.8786217055494547,45.87955856323242,1.9809825673534072,89.77812995245642
AAF_Validation,bias_training_data\bias_Severe_Male_Gender_FlexMatch,bias_training_data\bias_Severe_Male_Gender_FlexMatch\FlexMatch_1_unbalanced_best.pth,0.7324470714230545,54.160064697265625,19.01743264659271,89.3026941362916
AAF_Validation,bias_training_data\bias_Severe_Male_Gender_FlexMatch,bias_training_data\bias_Severe_Male_Gender_FlexMatch\FlexMatch_2_unbalanced_best.pth,0.8883782748941763,35.835975646972656,6.814580031695722,64.85736925515056
AAF_Validation,bias_training_data\bias_Severe_Male_Gender_FlexMatch,bias_training_data\bias_Severe_Male_Gender_FlexMatch\FlexMatch_3_unbalanced_best.pth,0.6427313203668066,53.981773376464844,97.3851030110935,10.578446909667196
AAF_Validation,bias_training_data\bias_Severe_East_Asian_Female_Bias_FlexMatch,bias_training_data\bias_Severe_East_Asian_Female_Bias_FlexMatch\FlexMatch_1_best.pth,0.7593834247150814,46.87004852294922,73.81141045958796,19.928684627575276
AAF_Validation,bias_training_data\bias_Severe_East_Asian_Female_Bias_FlexMatch,bias_training_data\bias_Severe_East_Asian_Female_Bias_FlexMatch\FlexMatch_2_best.pth,0.5782181571478322,71.87005615234375,83.43898573692552,60.30110935023772
AAF_Validation,bias_training_data\bias_Severe_East_Asian_Female_Bias_FlexMatch,bias_training_data\bias_Severe_East_Asian_Female_Bias_FlexMatch\FlexMatch_3_best.pth,0.7276428993643748,45.5824089050293,56.458003169572116,34.7068145800317
AAF_Validation,bias_training_data\bias_Severe_East_Asian_Female_Bias_FlexMatch,bias_training_data\bias_Severe_East_Asian_Female_Bias_FlexMatch\FlexMatch_4_best.pth,0.8211396319552571,49.96038055419922,0.2377179080824089,99.68304278922345
AAF_Validation,bias_training_data\bias_Severe_East_Asian_Female_Bias_FlexMatch,bias_training_data\bias_Severe_East_Asian_Female_Bias_FlexMatch\FlexMatch_5_best.pth,0.7971164556766275,50.69334411621094,98.6529318541997,2.733755942947702
AAF_Validation,bias_training_data\bias_Severe_East_Asian_Female_Bias_FlexMatch,bias_training_data\bias_Severe_East_Asian_Female_Bias_FlexMatch\FlexMatch_1_unbalanced_best.pth,0.6892293842772107,56.041996002197266,76.06973058637084,36.014263074484944
AAF_Validation,bias_training_data\bias_Severe_East_Asian_Female_Bias_FlexMatch,bias_training_data\bias_Severe_East_Asian_Female_Bias_FlexMatch\FlexMatch_2_unbalanced_best.pth,0.7936762517492292,50.39619827270508,97.54358161648177,3.248811410459588
AAF_Validation,bias_training_data\bias_Severe_East_Asian_Female_Bias_FlexMatch,bias_training_data\bias_Severe_East_Asian_Female_Bias_FlexMatch\FlexMatch_3_unbalanced_best.pth,0.7743275161779437,48.17749786376953,6.656101426307448,89.69889064976229
AAF_Validation,bias_training_data\bias_Severe_East_Asian_Bias_FlexMatch,bias_training_data\bias_Severe_East_Asian_Bias_FlexMatch\FlexMatch_1_best.pth,0.8422379200885488,49.18779754638672,3.2091917591125196,95.1664025356577
AAF_Validation,bias_training_data\bias_Severe_East_Asian_Bias_FlexMatch,bias_training_data\bias_Severe_East_Asian_Bias_FlexMatch\FlexMatch_2_best.pth,0.8291218791824135,41.56101608276367,69.21553090332804,13.906497622820918
AAF_Validation,bias_training_data\bias_Severe_East_Asian_Bias_FlexMatch,bias_training_data\bias_Severe_East_Asian_Bias_FlexMatch\FlexMatch_3_best.pth,0.7750096482633599,50.316959381103516,99.96038034865293,0.6735340729001585
AAF_Validation,bias_training_data\bias_Severe_East_Asian_Bias_FlexMatch,bias_training_data\bias_Severe_East_Asian_Bias_FlexMatch\FlexMatch_4_best.pth,0.8046204530871613,50.07923889160156,98.93026941362916,1.2282091917591125
AAF_Validation,bias_training_data\bias_Severe_East_Asian_Bias_FlexMatch,bias_training_data\bias_Severe_East_Asian_Bias_FlexMatch\FlexMatch_5_best.pth,0.7887446501553531,50.455631256103516,99.16798732171156,1.7432646592709984
AAF_Validation,bias_training_data\bias_Severe_Female_Gender_FlexMatch,bias_training_data\bias_Severe_Female_Gender_FlexMatch\FlexMatch_1_best.pth,0.7173637513502276,51.545166015625,11.489698890649763,91.60063391442155
AAF_Validation,bias_training_data\bias_Severe_Female_Gender_FlexMatch,bias_training_data\bias_Severe_Female_Gender_FlexMatch\FlexMatch_2_best.pth,0.8885192635886832,47.979400634765625,2.2583201267828845,93.70047543581617
AAF_Validation,bias_training_data\bias_Severe_Female_Gender_FlexMatch,bias_training_data\bias_Severe_Female_Gender_FlexMatch\FlexMatch_3_best.pth,0.7087844409013134,54.10063934326172,68.50237717908082,39.69889064976228
AAF_Validation,bias_training_data\bias_Severe_Female_Gender_FlexMatch,bias_training_data\bias_Severe_Female_Gender_FlexMatch\FlexMatch_4_best.pth,0.9517673069814873,50.0,0.0,100.0
AAF_Validation,bias_training_data\bias_Severe_Female_Gender_FlexMatch,bias_training_data\bias_Severe_Female_Gender_FlexMatch\FlexMatch_5_best.pth,0.6819952435425458,52.5950927734375,97.78129952456418,7.408874801901744
